name,sequence,category,color,seq_type
T3,ATTAACCCTCACTAAAGGGA,primer,#06b6d4,dna
M13-fwd,TGTAAAACGACGGCCAGT,primer,#06b6d4,dna
M13-rev,CAGGAAACAGCTATGACCATG,primer,#06b6d4,dna
T7,GTGAATTGTAATACGACTCACTATAGGG,primer,#06b6d4,dna
SP6,GCCAAGCTATTTAGGTGACACTATAG,primer,#06b6d4,dna
ColE1 origin,TCATGACCAAAATCCCTTAACGTGAGTTTTCGTTCCACTGAGCGTCAGACCCCGTAGAAAAGATCAAAGGATCTTCTTGAATCCTTTTTTTCTGCGCGTAATCTGCTCTTGCAAACAAAAAACCGCTACCAGCGGTGGTTTGTTTGCCGGATCAAGAGCTACAACTCTTTTCCGAGGTAACTGGCTAGCAGAGCGCAGATACCAAATACTGTCTTCTAGTGTAGCCGTAGTTAGCCACCACTTCAAGAACTCTGTAGCACCGCCTACATACCTCGCTCTGCTAATCCTGTTACCAGCTGCCAGTGGCGATAAGTCGTGTCTTACCGGGTTGGACTCAAGACGATAGTTACCGGATAAGGCGCAGCGGTCGGGCTGAAGGGGGGTTCGTGCACACAGCCCAGCTTGGAGCGAACGACCTACACGAACTGAGATACCTACAGCGTGAGCTGAGAAAGCGCCACGCTTCCCGAGGGAGAAAGGCGGACAGGTATCCGGAAGCGGCAGGGTCGGAACAGGAGAGCGCACGAGGGAGCTTCCAGGGGGAACGCCTGGTATCTTTATAGTCCTGTCGGGTTTCGCCACCTCTGACTGAGCTCGATTTTTGTGATGCTCGTCAGGGGGCGAGCCTTGAAA,ori,#6b7280,dna
CloDF13 ori,GATCAAAGGATCTTCTTGAGATCCTTTTTTTCTGCGCGTAATCTTTTGCCCTGTAAACGAAAAAACCACCTGGGGAGGTGGTTTGATCGAAGGTTAAGTCAGTTGGGGAACTGCTTAACCGTGGTAACTGGCTTTCGCAGAGCACAGCAACCAAATCTGTCCTTCCAGTGTAGCCGGACTTTGGCGCACACTTCAAGAGCAACCGCGTGTTTAGCTAAACAAATCCTCTGCGAACTCCCAGTTACCAATGGCTGCTGCCAGTGGCGTTTTACCGTGCTTTTCCGGGTTGGACTCAAGTGAACAGTTACCGGATAAGGCGCAGCAGTCGGGCTGAACGGGGAGTTCTTGCTTACAGCCCAGCTTGGAGCGAACGACCTACACCGAGCCGAGATACCAGTGTGTGAGCTATGAGAAAGCGCCACACTTCCCGTAAGGGAGAAAGGCGGAACAGGTATCCGGTAAACGGCAGGGTCGGAACAGGAGAGCGCAAGAGGGAGCGACCCGCCGGAAACGGTGGGGATCTTTAAGTCCTGTCGGGTTTCGCCCGTACTGTCAGATTCATGGTTGAGCCTCACGGCTCCCACAGATGCACCGGAAAAGCGTCTGTTTATGTGAACTCTGGCAGGAGGGCGGAGCCTATGGAAAAACGCCACCGGCGCGGCCCTGCTGTTTTGCCTCACATGTTAGTCCCCTGCTTATCCACGGAATCTGTGGGTAACTTTGTATGTGTCCGCAGCGC,ori,#6b7280,dna
RSF ori,AACGGAATAGCTGTTCGTTGACTTGATAGACCGATTGATTCATCATCTCATAAATAAAGAAAAACCACCGCTACCAACGGTGGTTTTCTCAAGGTTCGCTGAGCTACCAACTCTTTGAACCAAGGTAAGTGGGTTGGAGGACCGCACTCACCAAAATCTGTTCTTTCAGTTTAGCCTTAACAGGTGCATAACTTCAAGACAAAGTCCTCTAAATCAGTTACCAATGGCTGCTGCCAGTGGCGATAAGTCGTGTCTTACCGGGTTGGACTCAAGACGATAGTTACCGGATAAGGCGCAGCGGTCGGGCTGAACGGGGGGTTCGTGCACACAGCCCAGCTTGGAGCGAACGACCTACACCGAACTGAGATACCAACAGCGTGAGCTATGAGAAAGCGCCACGCTTCCCGAGGGAGAAAGGCGGACAGGTATCCGGTAAGCGGCAGGGTCGGAACAGGAGAGCGCACGAGGGAGCTTCCAGGGGGAAACGCCTGGTATCTTTATAGTCCTGTCGGGTTTCGCCACCTCTGGCTTGAGCGTCGATTTTTGTGATGCTCGTCAGGGGGGCGGAGCCTATGGAAAAACGCCTGCGGCGTTGGCTTCTTCCGGTGCTTTGCTTTTTGCTCACATGTTCTTTCCGGCTTTATCCCCTGATTCTGTGGATAACCGTATTACCGCTTTTGAGTGAGCTGACACCGCTCGCCGCAGTCGAACGACCGAGCGTAGCGAGTCAGTGAGCGAGGAAGCGGAAG,ori,#6b7280,dna
pSa ori,CCATCCAACAGCCCGCCGTCGAGCGGGCTTTTTTATCCCCGGAAGCCTGTGGATAGAGGGTAGTTATCCACGGAAACCGCTAATGCCCCGCAAAGCCTTGATTCACGGGGCTTTCCGGCCCGCTCCAAAAACTATCCACGTGAAATCGCTAATCAGGGTACGTGAAATCGCTAATCGGAGTACGTGAAATCGCTAATAAGGTCACGTGAAATCGCTAATCAAAAAGGCACGTGAGAACGCTAATAGCCCTTTCAGATCAACAGCTTGCAAACACCCCTCGCTCCGGCAAGTAGTTACAGCAAGTAGTATGTTCAATTAGCTTTTCAATTATGAATATATATATCAATTATTGGTCGCCCTTGGCTTGTGGACAATGCGCTACGCGCACCGGCTCCGCCCGTGGACAACCGCAAGCGGTTGCCCACCGTCGAGCGC,ori,#6b7280,dna
M13 origin,ACGCGCCCTGTAGCGGCGCATTAAGCGCGGCGGGTGTGGTGGTTACGCGCAGCGTGACCGCTACACTTGCCAGCGCCTAGCGCCCGCTCCTTTCGCTTTCTTCCCTCCTTTCTCGCCACGTTCGCGGCTTTCCCCGTCAAGCTCTAAATCGGGGTCCCTTTAGGGTTCCGATTTAGGCTTTACGGCACCTCGACCCAAAAAACTTGATTGGGTGATGGTTCACGTAGTGGGCCATCGCCCTGATAGACGGTTTTTCGCCCTTTGACGTTGGAGTCCACGTTCTTTAATAGTGGACTCTTGTTCCAAACTGAACAACACTCAACCTATCCGGCTATTCTTTTGATTTATAAGGGATTTGGATTTCGGCTATTGGTTAAAAAATGAGCTGATTTAACAAAATTTAACGCGAATTTTAACAAATATAACGTTACAATTT,ori,#6b7280,dna
R6Kgamma origin,GTACGTACTAAGCTCTCATGTTTCACGTACTAAGCTCTCATGTTTAACGTACTAAGCTCTCATGTTTAACGAACTAAACCCTCATGGCTAACGTACTAAGCTCTCATGGCTAACGTACTAAGCTCTCATGTTTCACGTACTAAGCTCTCATGTTTGAACAATAAAATTAATATAAATCAGCAACTTAAATAGCCTCTAAGGTTTTAAGTTTTATAAGAAAAAAAAGAATATATAAGGCTTTTAAAGCTTTAAGGTTTAACGGTTGTGGACAACAAGCCAGGGATGTAACGCACTGAGAAGCCCTTAGAGCCTCTCAAAGCAATTTTAGTGACACAGGAACACTTAACGGCTGACA,ori,#6b7280,dna
oriV,CTGCCATTTTTGGGGTGAGGCCGTTCGCGGCCGAGGGGCGCAGCCCCTGGGGGGATGGGAGGCCCGCGTTAGCGGGCCGGGAGGGTTCGAGAAGGGGGGGCACCCCCCTTCGGCGTGCGCGGTCACGCGCCAGGGCGCAGCCCTGGTTAAAAACAAGGTTTATAAATATTGGTTTAAAAGCAGGTTAAAAGACAGGTTAGCGGTGGCCGAAAAACGGGCGGAAACCCTTGCAAATGCTGGATTTTCTGCCTGTGGACAGCCCCTCAAATGTCAATAGGTGCGCCCCTCATCTGTCAGCACTCTGCCCCTCAAGTGTCAAGGATCGCGCCCCTCATCTGTCAGTAGTCGCGCCCCTCAAGTGTCAATACCGCAGGGCACTTATCCCCAGGCTTGTCCACATCATCTGTGGGAAACTCGCGTAAAATCAGGCGTTTTCGCCGATTTGCGAGGCTGGCCAGCTCCACGTCGCCGGCCGAAATCGAGCCTGCCCCTCATCTGTCAACGCCGCGCCGGGTGAGTCGGCCCCTCAAGTGTCAACGTCCGCCCCTCATCTGTCAGTGAGGGCCAAGTTTTCCGCGAGGTATCCACAACGCCGGCGGCCGGCCGCGGTGTCTCGCACACGGCTTCGACGGCGTTTCTGGCGCGTTTGCAGGGCCATAGACGGCCGCCAGCCCAGCGGCGAGGGCAACCAGCCCGGTGAGCGTCGAAAGGCGC,ori,#6b7280,dna
pBBR1(oriV),GCGGCCACCGGCTGGCTCGCTTCGCTCGGCCCGTGGACAACCCTGCTGGACAAGCTGATGGACAGGCTGCGCCTGCCCACGAGCTTGACCACAGGGATTGCCCACCGGCTACCCAGCCTTCGACCACATACCCACCGGCTCCAACTGCGCGGCCTGCGGCCTTGCCCCATCAATTTTTTTAATTTTCTCTGGGGAAAAGCCTCCGGCCTGCGGCCTGCGCGCTTCGCTTGCCGGTTGGACACCAAGTGGAAGGCGGGTCAAGGCTCGCGCAGCGACCGCGCAGCGGCTTGGCCTTGACGCGCCTGGAACGACCCAAGCCTATGCGAGTGGGGGCAGTCGAAGGCGAAGCCCGCCCGCCTGCCCCCCGAGCCTCACGGCGGCGAGTGCGGGGGTTCCAAGGGGGCAGCGCCACCTTGGGCAAGGCCGAAGGCCGCGCAGTCGATCAACAAGCCCCGGAGGGGCCACTTTTTGCCGGAGGGGGAGCCGCGCCGAAGGCGTGGGGGAACCCCGCAGGGGTGCCCTTCTTTGGGCACCAAAGAACTAGATATAGGGCGAAATGCGAAAGACTTAAAAATCAACAACTTAAAAAAGGGGGGTACGCAACAGCTCATTGCGGCACCCCCCGCAATAGCTCATTGCGTAGGTTAAAGAAAATCTGTAATTGACTGCCACTTTTACGCAACGCATAATTGTTGTCGCGCTGCCGAAAAGTTGCAGCTGATTGCGCATGGTGCCGCAACCGTGCGGCACCCCTACCGCATGGAGATAAGC,ori,#6b7280,dna
incP origin of transfer,CGGCCAGCCTCGCAGAGCAGGATTCCCGTTGAGCACCGCCAGGTGCGAATAAGGGACAGTGAAGAAGGAACACCCGCTCGCGGGTGGGCCTACTTCACCTATCCTGCCC,ori,#6b7280,dna
oriS,CTTCTTCTGAGGGCAATTTGTCACAGGGTTAAGGGCAATTTGTCACAGACAGGACTGTCATTTGAGGGTGATTTGTCACACTGAAAGGGCAATTTGTCACAACACCTTCTCTAGAACCAGCATGGATAAAGGCCTACAAGGCGCTCTAAAAAAGAAGATCTAAAAACTATAAAAAAAATAATTATAAAAATATCCCCGTGGATAAGTGGATAACCCCAAG,ori,#6b7280,dna
pSC101 origin,GGGCTAGTCAATGATAATTACTAGTCCTTTTCCTTTGAGTTGTGGGTATCTGTAAATTCTGCTAGACCTTTGCTGGAAAACTTGTAAATTCTGCTAGACCCTCTGTAAATTCCGCTAGACCTTTGTGTGTTTTTTTTGTTTATATTCAAGTGGTTATAATTTATAGAATAAAGAAAGAATAAAAAAAGATAAAAAGAATAGATCCCAGCCCTGTGTATAACTC,ori,#6b7280,dna
TrfA,MNRTFDRKAYRQELIDAGFSAEDAETIANSRTVMRAPRETFQSVGSIMVQQATAKIERDSVQLASPPTALPAPSAAVERSRRLEQEAATGLAKSMTIDTRGTMTTKKRKTAGEGDLAKQVSEVAKQAALLKHTKQQIKEMQLSLFDIAPWPDTMRAMPNDTARSALFTTRNKKIPREALKQNKVIFHVNKDVKITYTGVELRADDDELVWLQQVLEYAKRTPIGEPITFTFYELCQDLGWSINGRYYTKAEECLSRLQATAMGDFTSDRVGHLESVSLLHRFRVLDRGKKTSRCQVLIDEEIVVLFAGDHYTKFIWEKYRKLSPTARRMFDYFSSHREPYPLKLETFRLMCGSDSTRVKKWREQVGEACEELRGSGLVEHAWVNEDDLVHCKR,cds,#6b7280,protein
SacB,MNIKKFAKQATVLTFTTALLAGGATQAFAKETNQKPYKETYGISHITRHDMLQIPEQQKNEKYKQVPEFDSSTIKNISSAKGLDVWDSWPLQNADGTVANYHGYHIVFALAGDPKNADDTSIYMFYQKVGETSIDSWKNAGRVFKDSDKFDANDSILKDQTQEWSGSATFTSDGKIRLFYTDFSGKHYGKQTLTTAQVNVSASDSSLNINGVEDYKSIFDGDGKTYQNVQQFIDEGNYSSGDNHTLRDPHYVEDKGHKYLVFEANTGTEDGYQGEESLFNKAYYGKSTSFFRQESQKLLQSDKKRTAELANGALGMIELNDDYTLKKVMKPLIASNTVTDEIERANVFKMNGKWYLFTDSRGSKMTIDGITSNDIYMLGYVSNSLTGPYKPLNKTGLVLKMDLDPNDVTFTYSHFAVPQAKGNNVVITSYMTNRGFYADKQSTFAPSFLLNIKGKKTSVVKDSILEQGQLTVNK,cds,#6b7280,protein
SacB promoter,CACATATACCTGCCGTTCACTATTATTTAGTGAAATGAGATATTATGATATTTTCTGAATTGTGATTAAAAAGGCAACTTTATGCCCATGCAACAGAAACTATAAAAAATACAGAGAATGAAAAGAAACAGATAGATTTTTTAGTTCTTTAGGCCCGTAGTCTGCAAATCCTTTTATGATTTTCTATCAAACAAAAGAGGAAAATAGACCAGTTGCAATCCAAACGAGAGTCTAATAGAATGAGGTCGAAAAGTAAATCGCGCGGGTTTGTTACTGATAAAGCAGGCAAGACCTAAAATGTGTAAAGGGCAAAGTGTATACTTTGGCGTCACCCCTTACATATTTTAGGTCTTTTTTTATTGTGCGTAACTAACTTGCCATCTTCAAACAGGAGGGCTGGAAGAAGCAGACCGCTAACACAGTACATAAAAAAGGAGACATGAACG,promoter,#346ee0,dna
pBBR1 Rep,MEISMATQSREIGIQAKNKPGHWVQTERKAHEAWAGLIARKPTAAMLLHHLVAQMGHQNAVVVSQKTLSKLIGRSLRTVQYAVKDLVAERWISVVKLNGPGTVLSAYVVNDRVAWGQPRDQLRLSVFSAAVVVDHDDQDESLLGHGDLRRIPTLYPGEQQLPTGPGEEPPSQPGIPGMEPDLPALTETEEWERRGQQRLPMPDEPCFLDDGEPLEPPTRVTLPRR,cds,#6b7280,protein
Rep101,MSELVVFKANELAISRYDLTEHETKLILCCVALLNPTIENPTRKERTVSFTYNQYVAQMMNISRENAYGVLAKATRELMTRTVEIRNPLVKGFEIFQWTNYAKFSSEKLELVFSEEILPYLFQLKKFIKYNLEHVKSFENKYSMRIYEWLLKELTQKKTHKANIEISLDEFKFMLMLENNYHEFKRLNQWVLKPISKDLNTYSNMKLVVDKRGRPTDTLIFQVELDRQMDLVTELENNQIKMNGDKIPTTITSDSYLHRNGLRKTLHDALTAKIQLTSFEAKFLSDMQSKYHDLNGSFSWLTQKQRTTLENILAKYGRI,cds,#6b7280,protein
AmpR promoter,CGCGGACCCCTATTTTTTATTTTTCTAAATACATTCAAATATGTATCCGCTCAGAGACAATAACCCTGATAAATGCTTCAATATGAAAAAGAAGAGT,promoter,#346ee0,dna
Lac operator,GGAATTGTGAGCGGATAACAATT,misc,#6495ed,dna
tet operator,CCTATCATGATAGG,misc,#6495ed,dna
tet promoter,TTGACAGCTTATCATCGAAGCTTTAAT,promoter,#346ee0,dna
tetA promoter,TTGACACCTATCATTGATAGAGTTATTTTCCACTCCCTATCAGTGATAGAGAA,promoter,#346ee0,dna
cat promoter,TGATCGGCACGTAAGAGGTCCAACTTTCACCATAATGAAATAAGATCACTACCGGGCGTATTTTTTGAGTTTCGAGATTTTCAGGAGCTAAGGAAGCTAAA,promoter,#346ee0,dna
lac promoter,TTTACACTTTATGCTTCCGGCTCTATGTTG,promoter,#346ee0,dna
lac UV5 promoter,TTTACACTTTATGCTTCGGCTCGTATAATG,promoter,#346ee0,dna
tac promoter,TTGACAATTAATCATCGGCTCGTATAATG,promoter,#346ee0,dna
lacI promoter,GACACCATCGAATGGCGCAAAACCTTTCGCGGTATGGCATGATAGCGCCCGGAAGAGAGTCAATTCAGGGTGGTGAAT,promoter,#346ee0,dna
lacIq promoter,GACACCATCGAATGGTGCAAAACCTTTCGCGGTATGGCATGATAGCGCCCGGAAGAGAGTCAATTCAGGGTGGTGAAT,promoter,#346ee0,dna
trc promoter,TTGACAATTAATCATCCGGCCGTATAATG,promoter,#346ee0,dna
Pc promoter,TTGACATAAGCCTGTTCGGTTCGTAAACT,promoter,#346ee0,dna
araBAD promoter,CAGACATTGCCGTCACTGCGTCTTTTACTGGCTCTTCTCGCTAACCAAACCGGTAACCCCGCTTATTAAAAGCATTCTGTAACAAAGCGGGACCAAAGCCATGACAAAAACGCGTAACAAAAGTGTCTATAATCACGGCAGAAAAGTCCACATTGATTATTTGCACGGCGTCACACTTTGCTATGCCATACATTTTTATCCATAAGATTAGCGGATTACCTGACGCTTTTTATCGCAACTCTCTACTGTTTCTCCAT,promoter,#346ee0,dna
SP6 promoter,ATTTAGGTGACACTATAGA,promoter,#346ee0,dna
T3 promoter,AATTAACCCTCACTAAAGG,promoter,#346ee0,dna
T7 promoter,TAATACGACTCACTATAGG,promoter,#346ee0,dna
CAP binding site,ATGAGTGAGCTAACTCACATTA,misc,#6495ed,dna
cos Site,TTCCATTGTTCATTCCACGGACAAAAACAGAGAAAGGAAACGACAGAGGCCAAAAAGCTCGCTTTCAGCACCTGTCGTTTCCTTTCTTTTCAGAGGGTATTTTAAATAAAAACATTAAGTTATGACGAAGAAGAACGGAAACGCCTTAAACCGGAAAATTTTCATAAATAGCGAAAACCCGCGAGGTCGCCGCCCCGTAACCTGTCGGATCACCGGAAAGGACCCGTAAAGTGATAATGATTATCATCTACATATCACAACGTGCGTGGAGGCCATCAAACCACGTCAAATAATCAATTATGACGCAGGTATCGTATTAATTGATCTGCATCAACTTAACGTAAAACAACTTCAGACAATACAAATCAGCGACACTGAATACGGGGCAACCTCATGTC,misc,#6495ed,dna
lambda t0 terminator,ATTCTCACCAATAAAAAACGCCCGGCGGCAACCGAGCGTTCTGAACAAATCCAGATGGAGTTCTGAGGTCATTACTGGATCTATCAACAGGAGTC,terminator,#b00f3d,dna
lambda tL3 terminator,CTACTGGTATTGGCACAAACCTGATTCCAATTTGAGCAAGGCTATGTGCCATCTCGATACTCGTTCTTAACTCAACAGAAGATGCTTTGTGCATACAGCCCCTCGTTTATTATTTATCTCCTCAGCCAGCCGCTGTGCTTTCAGTGGATTTCGGATAACAGAAAGGCCGGGAAATACCCAGCCTCGCTTTGTAACGGAGTAGAGACGAAAGTGATTGCGCCTACCCGGATATTATCGTGAGGATGCG,terminator,#b00f3d,dna
rrnB T1 terminator,TGCCTGGCGGCAGTAGCGCGGTGGTCCCACCTGACCCCATGCCGAACTCAGAAGTGAAACGCCGTAGCGCCGATGGTAGTGTGGGGTCTCCCCATGCGAGAGTAGGGAACTGCCAGGCATCAAATAAAACGAAAGGCTCAGTAAGACTGGCCTTTCGTTTTATCTGTTGTTTGTCGGTGAACGCTCTCCTGAGTAGGACAAAT,terminator,#b00f3d,dna
rrnB T2 terminator,AGAAGGCCATCCTGACGGATGGCCTTTT,terminator,#b00f3d,dna
T7 terminator,CTAGCATAACCCCTTGGGGCCTCTAAACGGGTCTTGAGGGGTTTTTTG,terminator,#b00f3d,dna
T7Te terminator,GGCTCACCTTCGGGTGGGCCTTTCTGCG,terminator,#b00f3d,dna
tonB terminator,AGTCAAACCTCCGCGGAGGCTTTTGACT,terminator,#b00f3d,dna
bom,CCTGATGCGGTATTTTCTCCTTACGCATCTGTGCGGTATTTCACACCGCATGGTGCACTCTCAGTACAATCTGCTCTGATGCCGCATAGTTAAGCCAGTATACACTCCGCTATCGCTACGTGACTGGGTCATGGCTGCG,misc,#41ff00,dna
pelB signal sequence,MKYLLPTAAAGLLLLAAQPAMA,signal_peptide,#41ff00,protein
LacZ-alpha,MTMITLAVVLQRRDWENPGVTQLNRLAAHPPFASWRNSEEARTDRPSQQLRS,cds,#41ff00,protein
NeoR/KanR,MGSMAGLMIAEQDGLHAGSPAAWVERLFGYDWAQQTIGCSDAAVFRLSAQGRPVLFVKTDLSGALNELQDEAARLSWLATTGVPCAAVLDVVTEAGRDWLLLGEVPGQDLLSSHLAPAEKVSIMADAMRRLHTLDPATCPFDHQAKHRIERAGRTRMEAGLVDQDDLDEEHQGLAPAELFARLKARSMPDGEDDLVVTHQGDACLPNIMVENGRFSGFIDCGRLGVMADRYQDIALATRDIAEELGGEWADRFLVLYGIAAPDSQRIAFYRLLDEFF,cds,#41ff00,protein
AmpR,MRSIQHFRVALIPFFAAFCLPVFAHPETLVKVKDAEDQLGARVGYIELDLNSGKILESFLRPEERFSPMMSTFKVLLCGDATVLLSRDVIDAGQEQLGRRIHRYSQNDLVEYSPVTEKHLTDGMTVRELCSAAITMSDNTAANLLLTATIGGPKELTAFLHNMGDHVTRLDRWEPEKLNEAIPNDERSDTTMPATVAMAPTTLRKLLTGELLTLASRQQLIDMWMEADKVAGPSLLRSALPAGWFIADKSGAGERGSRGIIAALGSPDGKPRSRIVVIYTTGSQATAMDERNRQIAEIGASLIKHW,cds,#41ff00,protein
KanR,MSHIQRETSCRLSPRKPRLNSNMDADLYGYKWARDNVGQSGATIYRLYGKPHDAPELFLKHGKGSVANDVVTDEMVRLNWLTEFMPLPTIKHFIRTPDDAWLLTTAIPGRKTAFQVLEEYPDSGENIAVDALAVFLRRLHSIPVCNCPFNGSDGRVFRLAQAQSRMNNGLVGDASDFDDERNGWPVEQVWKEMHNKLLPFSPDSVVATHGDFSLDNLIFDEGKLIGCIDVGRVGIADRYQDLAILWNCLGEFSPSLQKRLFQKYGIDNPDMSNKLQFHLMLDEFF,cds,#41ff00,protein
SmR,MRGEAVIAEVSTQLSEVVGVIERHLEPTLLAVHLYGSAVDGGLKPHSDIDLLVTVTVRLDETTRRALINDLLETSASPGESEILRAVEVTIVVHDDIIPWRYPAKRELQFGEWQRNDILAGIFEPATIDIDLAILLTKAREHSVALVGPAAEELFDPVPEQDLFEALNETLTLWNSPPDWAGDERNVVLTLSRIWYSAVTGKIAPKDEVAADWAMERLPAQYQPVILEARQAYLGQEEDRLASRTADQLEEFVHYVKGEITKVVGK,cds,#41ff00,protein
CAT/CamR,MEKKITGYTTVDISQWHRKEHFEAFQSVAQCTYNQTVQLDITAFLKTVKKNKHKFYPAFIHILARLMNAHPELFRMAMKDGELVIWDSVHPCYTVFHEQTETFSSLWSEYHDDFRQFLHIYSQDVACYGENLAYFPKGFIENMFFVSANPWVSFTSFDLNVANMDNFFAPVFTMGKYYTQGDKVLMPLAIQVHHAVCDGFHVGRMLNELQQYCDEWQGGA,cds,#41ff00,protein
ZeoR/BleoR,MSAKILTSAVPVLTARDVAGAVEFWTDRLGFSRDFVENDDFAGVVRDDVTLFISAVQDQVVPDNTLAWVLWVRGLDELYAEWSEVVSTNFRDASGPSAMTEIGEQPWGKQREFALREDPAGNCVHFVAEEQD,cds,#41ff00,protein
ccdB,MQFKVYTYKRESRYRLFVDVQSDIIDTPGRRMVIPLASARLLSDKVPSRELYPVVHIGDESWRMMTTDMASVPVSVIGEEVADLSHRENDIKNAINLMFWGI,cds,#41ff00,protein
Tet(B),MNSSTKIALVITLLDAMGIGLIMPVLPTLLREFIASEDIANHFGVLLALYALMQVIFAPWLGKMSDRFGRRPVLLLSLIGASLDYLLLAFSSALWMLYLGRLLSGITGATGAVAASVIADTTSASQRVKWFGWLGASFGLGLIAGPIIGGFAGEISPHSPFFIAALLNIVTFLVVMFWFRETKNTRDNTDTEVGVETQSNSVYITLFKTMPILLIIYFSAQLIGQIPATVWVLFTENRFGWNSMMVGFSLAGLGLLHSVFQAFVAGRIATKWGEKTAVLLEFIADSSAFAFLAFISEGWLDFPVLILLAGGGIALPALQGVMSIQTKSHEQGALQGLLVSLTNATGVIGPLLFTVIYNHSLPIWDGWIWIIGLAFYCIIILLSMTFMLTPQAQGSKQETSA,cds,#41ff00,protein
Tet(A),MSTNLSVIKNPRVQSDQRRLVRRPDVKPNIPLIVILSTVALDAVGIGLIMPVLPGLLRDLVHSNDVTAHYGILLALYALVQFACAPVLGALSDRFGRRPILLVSLAGATVDYAIMATAPFLWVLYIGRIVAGITGATGAVAGAYIADITDGDERARHFGFMSACFGFGMVAGPVLGGLMGGFSPHAPFFAAAALNGLNFLTGCFLLPESHKGERRPLRREALNPLASSFFVRWARGMTVVAALMAVFFIMQLVGQVPAALWVIFGEDRFHWDATTIGISLAAFGILHSLAQAMITGPVAARLGERRALMLGMIADGTGYILLAFATRGWMAFPIMVLLASGGIGMPALQAMLSRQVDEERQGQLQGSLAALTSLTSIVGPLLFTAIYAASITTWNGWAWIAGAALYLLCLPALRRGLWSGAGQRADR,cds,#41ff00,protein
Tet(C),MKSNNALIVILGTVTLDAVGIGLVMPVLPGLLRDIVHSDSIASHYGVLLALYALMQFLCAPVLGALSDRFGRRPVLLASLLGATIDYAIMATTPVLWLYAGRIVAGITGATGAVAGAYIADITDGEDRARHFGLMSACFGVGMVAGPVAGGLLGAISHAPFLAAAVLNGLNLLLGCFLMQESHKGERPMPLRAFNPVSSFRWARGMTIVAALMTVFFIMQLVGQVPAALWVIFGEDRFRWSATMIGLSLAVFGILHALAQAFVTGPATKRFGEKQAIIAGMAADALGYVLLAFATRGWMAFPIMILLASGGIGMPALQAMLSRQVDDDHQGQLQGSLAALTSLTSIGPLIVTAIYAASASTWNGLAWIVGAALYLVCLPALRRGAWSRATST,cds,#41ff00,protein
Tet(L),VNTSYSQSNLRHNQILIWLCILSFFSVLNEMVLNVSLPDIANDFNKPPASTNWVNTAFMLTFSIGTAVYGKLSDQLGIKRLLLFGIIINCFGSVIGFVGHSFFSLLIMARFIQGAGAAAFPALVMVVVARYIPKENRGKAFGLIGSIVAMGEGVGPAIGGMIAHYIHWSYLLLIPMITIITVPFLMKLLKKEVRIKGHFDIKGIILMSVGIVFFMLFTTSYSISFLIVSVLSFLIFVKHIRKVTDPFVDPGLGKNIPFMIGVLCGGIIFGTVAGFVSMVPYMMKDVHQLSTAEIGSVIIFPGTMSVIIFGYIGGILVDRRGPLYVLNIGVTFLSVSFLTASFLLETTSWFMTIIIVFVLGGLSFTKTVISTIVSSSLKQQEAGAGMSLLNFTSFLSEGTGIAIVGGLLSIPLLDQRLLPMEVDQSTYLYSNLLLLFSGIIVISWLVTLNVYKHSQRDF,cds,#41ff00,protein
TetR(B) Tet repressor,MSRLDKSKVINSALELLNEVGIEGLTTRKLAQKLGVEQPTLYWHVKNKRALLNDGALAIEMLDRHHTHFCPLEGESWQDLFLRNNAKSFRCALLSHRDGVAKVHLSGITRPTEKQYETLENQLVAFLCQQGFSLENALYALSVAVAGHFTLGCVLEDQEHQVAKEEREKTPNTTDSMPPLLRQAIELFDHQSGAEPAFLFGLELIICGLEKQLKCESGS,cds,#41ff00,protein
PuromycinR,MMATEYKPTVRLATRDDVPRAVRTLAAAFADYPATRHTVDPDRHIERVTELQELFLTRVGLDIGKVWVADDGAAVAVWTTPESVEAGAVFAEIGPSRMAELSGSRLAAQQQMEGLLAPHRPKEPAWFLATVGVSPDHQGKGLGSAVVLPGVEAAERAGVPAFLETSAPRNLPFYERLGFTVTADVEVPEGPRTWCMTRKPGA,cds,#41ff00,protein
HygromycinR,MMGKGKPELRTATSVEKFLIEKFDSVSDLMQLSEGEESRAFSFDVGGRGYVLRVNSCAGDGFYKDRYVYRHFASAALPIPEVLDIGEFSESLTYCISRRAQGVTLQDLPETELPAVLQPVAEAMDAIAAADLSQTSGFGPFGPQGIGQYTTWRDFICAIADPHVYHWQTVMDDTVSASVAQALDELMLWAEDCPEVRHLVHADFGSNNVLTDNGRITAVIDWSEAMFGDSQYEVANIFFWRPWLACMEQQTRYFERRHPELAGSPRLRAYMLRIGLDQLYQSLVDGNFDDAAWAQGRCDAIVRSGAGTVGRTQIARRSAAVWTDGCVEVLADSGNRRPSTRPDRARKEEKMGVEGARNV,cds,#41ff00,protein
GentamycinR,MLVRSSNDVTQQGSRPKTKLGGSSMGIIRTCRLGPDQVKSMRAALDLFGREFGDVATYSQHQPDSDYLGNLLRSKTFIALAAFDQEAVVGALAAYVLPRKFEQPRSEIYIYDLAVSGEHRRQGIATALINLLKHEANALGAYVIYVQADYGDDPAVALYTKLGIREEVMHFDIDPSTAT,cds,#41ff00,protein
Bleomycin/ZeocinR,MMDAKLTSAVPVLTARDVAGAVEFWTDRLGFSRDFVEDDFAGVVRDDVTLFISAVQDQVVPDNTLAWVWVRGLDELYAEWSEVVSTNFRDASGPAMTEIGEQPWGRQEFALRDPAGNCVHFVAEEQD,cds,#41ff00,protein
BlasticidinR,MAKPLSQEESTLIERATATINSIPISEDYSVASGAALSSDGRIFTGVNVYHFTGGPCAELVVLGTAAAAAAGNLTCIVAIGNENRGILSPCGRCRQVLLDLHPGIKAIVKDSDGQPTAVGIRELLPSGYVWEG,cds,#41ff00,protein
Renilla-firefly Luciferase,MASKVYDPEQRKRMITGPQWWARCKQMNVLDSFINYYDSEKHAENAVIFLHGNAASSYLWRHVVPHIEPVARCIIPDLIGMGKSGKSGNGSYRLLDHYKYLTAWFELLNLPKKIIFVGHDWGACLAFHYSYEHQDKIKAIVHAESVVDVIESWDEWPDIEEDIALIKSEEGEKMVLENNFFVETMLPSKIMRKLEPEEFAAYLEPFKEKGEVRRPTLSWPREIPLVKGGKPDVVQIVRNYNAYLRASDDLPKMFIESDPGFFSNAIVEGAKKFPNTEFVKVKGLHFSQEDAPDEMGKYIKSFVERVLKNEQ,cds,#41ff00,protein
GFP (S65C),MSKGEELFTGVVPILVELDGDVNGHKFSVSGEGEGDATYGKLTLKFICTTGKLPVPWPTLVTTFCYGVQCFSRYPDHMKQRHDFFKSAMPEGYVQERTIFFKDDGNYKTRAEVKFEGDTLVNRIELKGIDFKEDGNILGHKLEYNYNSHNVYIMADKQKNGIKVNFKIRHNIEDGSVQLADHYQQNTPIGDGPVLLPDNHYLSTQSALSKDPNEKRDHMVLLEFVTAAGITHGMDELYK,cds,#00ff00,protein
GFP (S65T),MSKGEELFTGVVPILVELDGDVNGHKFSVSGEGEGDATYGKLTLKFICTTGKLPVPWPTLVTTFTYGVQCFSRYPDHMKQRHDFFKSAMPEGYVQERTIFFKDDGNYKTRAEVKFEGDTLVNRIELKGIDFKEDGNILGHKLEYNYNSHNVYIMADKQKNGIKVNFKIRHNIEDGSVQLADHYQQNTPIGDGPVLLPDNHYLSTQSALSKDPNEKRDHMVLLEFVTAAGITHGMDELYK,cds,#00ff00,protein
EGFP,MVSKGEELFTGVVPILVELDGDVNGHKFSVSGEGEGDATYGKLTLKFICTTGKLPVPWPTLVTTLTYGVQCFSRYPDHMKQRHDFFKSAMPEGYVQERTIFFKDDGNYKTRAEVKFEGDTLVNRIELKGIDFKEDGNILGHKLEYNYNSHNVYIMADKQKNGIKVNFKIRHNIEDGSVQLADHYQQNTPIGDGPVLLPDNHYLSTQSALSKDPNEKRDHMVLLEFVTAAGITHLGMDELYK,cds,#00ff26,protein
mCherry,MVSKGEEDNMAIIKEFMRFKVHMEGSVNGHEFEIEGEGEGRPYEGTQTAKLKVTKGGPLPFAWDILSPQFMYGSKAYVKHPADIPDYLKLSFPEGFKWERVMNFEDGGVVTVTQDSSLQDGEFIYKVKLRGTNFPSDGPVMQKKTMGWEASSERMYPEDGALKGEIKQRLKLKDGGHYDAEVKTTYKAKKPVQLPGAYNVNIKLDITSHNEDYTIVEQYERAEGRHSTGGMDELYK,cds,#ff1100,protein
firefly Luciferase,ETDAKNIKKGPAPFYPLEDGTAGEQLHKAMKRYALVPGTIAFTDAHIEVDITYAEYFEMSVRLAEAMKRYGLNTNHRIVVCSENSLQFFMPVLGALFIGVAVAPANDIYNERELLNSMGISQPTVVFVSKKGLQKILNVQKKLPIIQKIIIMDSKTDYQGFQSMYTFVTSHLPPGFNEYDFVPESFDRDKTIALIMNSSGSTGLPKGVALPHRTACVRFSHARDPIFGNQIIPDTAILSVVPFHHGFGMFTTLGYLICGFRVVLMYRFEEELFLRSLQDYKIQSALLVPTLFSFFAKSTLIDKYDLSNLHEIASGGAPLSKEVGEAVAKRFHLPGIRQGYGLTETTSAILITPEGDDKPGAVGKVVPFFEAKVVDLDTGKTLGVNQRGELCVRGPMIMSGYVNNPEATNALIDKDGWLHSGDIAYWDEDEHFFIVDRLKSLIKYKGYQVAPAELESILLQHPNIFDAGVAGLPDDDAGELPAAVVVLEHGKTMTEKEIVDYVASQVTTAKKLRGGVVFVDEVPKGLTGKLDARKIREILIKAKKGGKISAKVL,cds,#41ff00,protein
Metridia longa Luciferase,MDIKVVFTLVFSALVQAKSTEFDPNIDIVGLEGKFGITNLETDLFTIWETMEVMIKADIADTDRASNFVATETDANRGKMPGKKLPLAVIMEMEANAFKAGCTRGCLICLSKIKCTAKMKVYIPGRCHDYGGDKKTGQAGIVGAIVDIPEISGFKEMAPMEQFIAQVDRCASCTTGCLKGLANVKCSELLKKWLPDRCASFADKIQKEVHNIKGMAGDR,cds,#41ff00,protein
Nanoluc,MVFTLEDFVGDWRQTAGYNLDQVLEQGGVSSLFQNLGVSVTPIQRIVLSGENGLKIDIHVIIPYEGLSGDQMGQIEKIFKVVYPVDDHHFKVILHYGTLVIDGVTPNMIDYFGRPYEGIAVFDGKKITVTGTLWNGNKIIDERLINPDGSLLFRVTINGVTGWRLCERILA,cds,#41ff00,protein
ErythromycinR,MNEKNIKHSQNFITSKHNIDKIMTNIRLNEHDNIFEIGSGKGHFTLELVKRCNFVTAIEIDHKLCKTTENKLVDHDNFQVLNKDILQFKFPKNQSYKIYGNIPYNISTDIIRKIVFDSIANEIYLIVEYGFAKRLLNTKRSLALLLMAEVDISILSMVPREYFHPKPKVNSSLIRLSRKKSRISHKDKQKYNYFVMKWVNKEYKKIFTKNQFNNSLKHAGIDDLNNISFEQFLSLFNSYKLFNK,cds,#41ff00,protein
lacI,VKPVTLYDVAEYAGVSYQTVSRVVNQASHVSAKTREKVEAAMAELNYIPNRVAQQLAGKQSLLIGVATSSLALHAPSQIVAAIKSRADQLGASVVVSMVERSGVEACKAAVHNLLAQRVSGLIINYPLDDQDAIAVEAACTNVPALFLDDVYSDQTPINSIIFSHEDGTRLGVEHLVALGHQQIALLAGPLSSVSARLRLAGWHKYLTRNQIQPIAEREGDWSAMSGFQQTMQMLNEGIVPTAMLVANDQMALGAMRAITESGLRVGADISVVGYDDTEDSSCYIPPLSATTIKQDFRLLGQTSVDRLLQLSQGQAVKGNQLLPVSLVKRKTTLAPNTQTASPRALADSLMQLARQVSRLESGQ,cds,#41ff00,protein
RepA,MPKNNKAPGHRINEIIKTSLALEMEDAREAGLVGYMARCLVQATMPHTDPKTSYFERTNGIVTLSIMGKPSIGLPYGSMPRTLLAWICTEAVRTKDPVLNLGRSQSEFLQRLGMHTDGRYTATLRNQAQRLFSSMISLAGEQGNDFGIENVVIAKRAFLFWNPKRPEDRALWDSTLTLTGDFFEEVTRSPVPIRIDYLHALRQSPLAMDIYTWLTYRVFLLRAKGRPFVQIPWVALQAQFGSSYGSRARNSPELDDKARERAERAALASFKYNFKKRLREVLIVYPEASDCIEDDGECLRIKSTRLHVTRAPGKGARIGPPPT,cds,#41ff00,protein
GmR,MLVRSSNDVTQQGSRPKTKLGGSSMGIIRTCRLGPDQVKSMRAALDLFGREFGDVATYSQHQPDSDYLGNLLRSKTFIALAAFDQEVAVVGALAAYVLPRKFEQPRSEIYIYDLAVSGEHRRQGIATALINLLKHEANALGAYVIYVQADYGDDPAVALYTKLGIREEVMHFDIDPSTAT,cds,#41ff00,protein
rop,MNRNPPYTEASMVTKQERKTALNMARFIRSQTLTLLEKLNELDADEQADICESLHDHADELYRSCLSARFGDDGENL,cds,#41ff00,protein
AraC,MQYGQLVSSLINGEGSMKSMAEAQNDPLLPGYSFNAHLVAGLTPIEANGYLDFFIDRPLGMKGYILNLTIRGQGVVKNQGREFVCRPSGDILLFPPGEIHHYGRHPEAREWYHQWVYFRPRAYWHEWLNWPSIFANTGFFRPDEAHQPHFSDLFGQIINAGQGEGRYSELLAINLLEQLLLRRMEAINESLHPPMDNRVREACQYISDHLADSNFDIASVAQHVCLSPSRMLSRHLFRQQLGISVLSWREDQRISQAKLLLSTTRMPIATVGRNVGFDDQLYFSRVFKKCTGASPSEFRAGCEEKVNDVAVKLS,cds,#41ff00,protein
SV40 NLS,PKKKRKV,cds,#41ff00,protein
6xHis,ACDEFGIKLMNPQRSTVWYHHHHHHACDEFGIKLMNPQRSTVWY,cds,#41ff00,protein
7xHis,ACDEFGIKLMNPQRSTVWYHHHHHHHACDEFGIKLMNPQRSTVWY,cds,#41ff00,protein
8xHis,ACDEFGIKLMNPQRSTVWYHHHHHHHHACDEFGIKLMNPQRSTVWY,cds,#41ff00,protein
9xHis,ACDEFGIKLMNPQRSTVWYHHHHHHHHHACDEFGIKLMNPQRSTVWY,cds,#41ff00,protein
10xHis,ACDEFGIKLMNPQRSTVWYHHHHHHHHHHACDEFGIKLMNPQRSTVWY,cds,#41ff00,protein
Myc tag,EQKLISEEDL,cds,#41ff00,protein
HA tag,CDEFGHIKLMNPQRSTVWYYPYDVPDYA,cds,#41ff00,protein
3xHA tag,YPYDVPDYAYPYDVPDYAYPYDVPDYA,cds,#41ff00,protein
HSV tag,QPELAPEDPED,cds,#41ff00,protein
FLAG tag,ACDEFGHILMNPQRSTVWYDYKDDDDK,cds,#41ff00,protein
3xFLAG tag,DYKDDDDKDYKDDDDKDYKDDDDK,cds,#41ff00,protein
STREP tag,WSHPQFEK,cds,#41ff00,protein
twinSTREP tag,SAWSHPQFEKGGGSGGGSGGSAWSHPQFEK,cds,#41ff00,protein
MISTIC tag,MFCTFFEKHHRKWDILLEKSTGVMEAMKVTSEEKEQLSTAIDRMNEGLDAFIQLYNESEIDEPLIQLDDDTAELMKQARDMYGQEKLNEKLNTIIKQILSISVSEEGEKE,cds,#41ff00,protein
SIII tag,WSHPQFEKGGGSGGGSGGGSWSHPQFEK,cds,#41ff00,protein
AU1 tag,DTYRYI,cds,#41ff00,protein
AU5 tag,TDFYLK,cds,#41ff00,protein
Glu-Glu tag,EYMPME,cds,#41ff00,protein
OLLAS tag,SGFANELGPRLMGK,cds,#41ff00,protein
T7 tag,MASMTGGQQMG,cds,#41ff00,protein
V5 tag,GKPIPNPLLGLDST,cds,#41ff00,protein
VSV-G tag,YTDIEMNRLGK,cds,#41ff00,protein
E tag,GAPVPYPDPLEPR,cds,#41ff00,protein
S tag,KETAAAKFERQHMDS,cds,#41ff00,protein
Avi tag,GLNDIFEAQKIEWHE,cds,#41ff00,protein
KT3 tag,KPPTPPPEPET,cds,#41ff00,protein
TK15 tag,RKTVILHGESNSAILILILGPR,cds,#41ff00,protein
ALFA tag,SRLEEELRRRLTE,cds,#41ff00,protein
iCAP tag,MIKIATRKYLGKQNVYGIGVERDHNFALKNGFIAHN,cds,#41ff00,protein
NE tag,TKENPRSNQEESYDDNES,cds,#41ff00,protein
Rho1D4 tag,TETSQVAPA,cds,#41ff00,protein
Softag 1,SLAELLNAGLGGS,cds,#41ff00,protein
Softag 3,TQDPSRVG,cds,#41ff00,protein
Spot tag,PDRVRAVSHWSS,cds,#41ff00,protein
tetracysteine tag,CCPGCC,cds,#41ff00,protein
TY tag,EVHTNQDPLD,cds,#41ff00,protein
Isopeptag,TDKDMTITFTNKKDAE,cds,#41ff00,protein
SpyTag,AHIVMVDAYKPTK,cds,#41ff00,protein
SnoopTag,KLGDIEFIKVNK,cds,#41ff00,protein
DogTag,DIPATYEFTDGKHYITNEPIPPK,cds,#41ff00,protein
SdyTag,DPIVMIDNDKPIT,cds,#41ff00,protein
TEV cleavage site,ENLYFQGS,cds,#41ff00,protein
thrombin cleavage site,LVPRGS,cds,#41ff00,protein
Factor Xa cleavage site**too short?**,IEDGR,cds,#41ff00,protein
enterokinase cleavage site,ACDEFGHIKLMNPQRSTVWDDDDKR,cds,#41ff00,protein
Xpress cleavage site,DLYDDDDK,cds,#41ff00,protein
TVMV cleavage site,TVRFQS,cds,#41ff00,protein
HRV 3C cleavage site,LEVLFQGP,cds,#41ff00,protein
BCCP,MASSSFSVTSPAAAASVYAVTQTSSHFPIQNRSRRVSFRLSAKPKLRFLSKPSRSSYPVVKAQSNKVSTGASSNAAKVDGPSSAEGKEKNSLKESSASSPELATEESISEFLTQVTTLVKLVDSRDIVELQLKQLDCELVIRKKEALPQPQAPASYVMMQQPNQPSYAQQMAPPAAPAAAAPAPSTPASLPPPSPPTPAKSSLPTVKSPMAGTFYRSPAPGEPPFIKVGDKVQKGQVLCIVEAMKLMNEIESDHTGTVVDIVAEDGKPVSLDTPLFVVQP,cds,#41ff00,protein
Chitin-binding domain,TTNPGVSAWQVNTAYTAGQLVTYNGKTYKCLQPHTSLAGWEPSNVPALWQLQ,cds,#41ff00,protein
Calmodulin-binding peptide,RWKKNFIAVSAANRFKKIS,cds,#41ff00,protein
streptavidin-binding peptide,MDEKTTGWRGGHVVEGLAGELEQLRARLEHHPQGQREP,cds,#41ff00,protein
T2A,GSGEGRGSLLTCGDVEENPGP,cds,#41ff00,protein
P2A,GSGATNFSLLKQAGDVEENPGP,cds,#41ff00,protein
E2A,GSGQCTNYALLKLAGDVESNPGP,cds,#41ff00,protein
F2A,GSGVKQTLNFDLLKLAGDVESNPGP,cds,#41ff00,protein
maltose-binding protein (MPB),MEKIKTGARILALSALTTMMFSASALAKIEEGKLVIWINGDKGYNGLAEVGKKFEKDTGIKVTVEHPDKLEEKFPQVAATGDGPDIIFWAHDRFGGYAQSGLLAEITPDKAFQDKLYPFTWDAVRYNGKLIAYPIAVEALSLIYNKDLLPNPPKTWEEIPALDKELKAKGKSALMFNLQEPYFTWPLIAADGGYAFKYENGKYDIKDVGVDNAGAKAGLTFLVDLIKNKHMNADTDYSIAEAAFNKGETAMTINGPWAWSNIDTSKVNYGVTVLPTFKGQPSKPFVGVLSAGINAASPNKELAKEFLENYLLTDEGLEAVNKDKPLGAVALKSYEEELAVKDPRIAATMENAQKGEIMPNIPQMSAFWYAVRTAVINAASGRQTVDEALKDAQT,cds,#41ff00,protein
glutathione S-transferase,MSPILGYWKIKGLVQPTRLLLEYLEEKYEEHLYERDEGDKWRNKKFELGLEFPNLPYYIDGDVKLTQSMAIIRYIADKHNMLGGCPKERAEISMLEGAVLDIRYGVSRIAYSKDFETLKVDFLSKLPEMLKMFEDRLCHKTYLNGDHVTHPDFMLYDALDVVLYMDPMCLDAFPKLVCFKKRIEAIPQIDKYLKSSKYIAWPLQGWQATFGGGDHPPK,cds,#41ff00,protein
Thioredoxin,MGSDKIIHLTDDSFDTDVLKADGAILVDFWAEWCGPCKMIAPILDEIADEYQGKLTVAKLNIDQNPGTAPKYGIRGIPTLLLFKNGEVAATKVGALSKGQLKEFLDANLAGS,cds,#41ff00,protein
CMV promoter,CGTTACATAACTTACGGTAAATGGCCCGCCTGGCTGACCGCCCAACGACCCCCGCCCATTGACGTCAATAATGACGTATGTTCCCATAGTAACGCCAATAGGGACTTTCCATTGACGTCAATGGGTGGAGTATTTACGGTAAACTGCCCACTTGGCAGTACATCAAGTGTATCATATGCCAAGTCGCCCCCTATTGACGTCAATGACGGTAAATGGCCCGCCTGGCATTATGCCCAGTACATGACCTTAGGGACTTTCCTACTTGGCAGTACATCTACGTATTAGTCATCGCTATTACCATGGTGATGCGGTTTTGGCAGTACACAATGGGCGTGGATAGCGGTTTGACTCACGGGGATTTCCAAGTCTCCACCCCATTGACGTCAATGGGAGTTTGTTTTGGCACCAAAATCAACGGGACTTTCCAAAATGTCGTAAAACCCGCCCCTTGACGCAAATGGGCGGTAGGCGTGTACGGTGGGAGGTCTATATAAGCAGAGCTCGTTTAGTGAACCGTCAGA,promoter,#6495ed,dna
SV40 early promoter,TGCATCTCAATTAGTCAGCAACCATAGTCCCGCCCCTAACTCCGCCCATCCCGCCCCTAACTCCGCCCAGTTCCGCCCATTCTCCGCCCCATGGCTGACTAATTTTTTTTATTTATGCAGAGGCCGAGGCCGCCTCGGCCTCTGAGCTATTCCAGAAGTAGTGAGGAGGCTTTTTTGGAGGCCTAGGCTTTTGCAAA,promoter,#6495ed,dna
hGH polyA signal,CGGGTGGCATCCCTGTGACCCCTCCCCAGTGCCTCTCCTGGCCCTGGAAGTTGCCACTCCAGTGCCCACCAGCCTTGTCCTAATAAAATTAAGTTGCATCATTTTGTCTGACTAGGTGTCCTTCTATAATATTATGGGGTGGAGGGGGGTGGTATGGAGCAAGGGGCAAGTTGGGAAGACAACCTGTAGGGCCTGCGGGGTCTATTGGGAACCAAGCTGGAGTGCAGTGGCACAATCTTGGCTCACTGCAATCTCCGCCTCCTGGGTTCAAGCGATTCTCCTGCCTCAGCCTCCCGAGTTGTTGGGATTCCAGGCATGCATGACCAGGCTCAGCTAATTTTTGTTTTTTTGGTAGAGACGGGGTTTCACCATATTGGCCAGGCTGGTCTCCAACTCCTAATCTCAGGTGATCTACCCACCTTGGCCTCCCAAATTGCTGGGATTACAGGCGTGAACCACTGCTCCCTTCCCTGTCCTTCTG,terminator,#ec4899,dna
attB5,CATTTGTATACAAAAGG,recombination,#dda0dd,dna
attB4,CATTTGTATAGAAAAGG,recombination,#dda0dd,dna
attB3,CATTGTATAATAAAGG,recombination,#dda0dd,dna
AttB2,CATTTGTACAAGAAAGG,misc,#dda0dd,dna
AttB1,CATTTGTACAAAAAAGG,misc,#dda0dd,dna
attP5,AAATAATGATTTTATTTTGACTGATAGTGACCTGTTCGTTGCAACAATTGATAGCAATGCTTTTTATAATGCCATTTGTATACAAAAGGAACGAGAAACGTAAAATGATATAAATATCAATATATTAAATTAGATTTTGCATAAAAAACAGACTACATAATACTGTAAAACACAACATATCAGTCACTATGAATCAACTACTTAGATGGTATTAGTGACCTGTA,recombination,#dda0dd,dna
attP4,AAATAATGATTTTATTTTGACTGATAGTGACCTGTTCGTTGCAACAATTGATAGCAATGCTTTTTATAATGCCATTTGTATAGAAAAGGAACGAGAAACGTAAAATGATATAAATATCAATATATTAAATTAGATTTTGCATAAAAAACAGACTACATAATACTGTAAAACACAACATATCAGTCACTATGAATCAACTACTTAGATGGTATTAGTGACCTGTA,recombination,#dda0dd,dna
attP3,AAATAATGATTTTATTTTGACTGATAGTGACCTGTTCGTTGCAACAATTGATAGCAATGCTTTTTATAATGCCATTGTATAATAAAGGAACGAGAAACGTAAAATGATATAAATATCAATATATTAAATTAGATTTTGCATAAAAAACAGACTACATAATACTGTAAAACACAACATATCAGTCACTATGAATCAACTACTTAGATGGTATTAGTGACCTGTA,recombination,#dda0dd,dna
AttP2,AAATAATGATTTTATTTTGACTGATAGTGACCTGTTCGTTGCAACAATTGATAGCAATGCTTTTTATAATGCCATTTGTACAAGAAAGGAACGAGAAACGTAAAATGATATAAATATCAATATATTAAATTAGATTTTGCATAAAAAACAGACTACATAATACTGTAAAACACAACATATCAGTCACTATGAATCAACTACTTAGATGGTATTAGTGACCTGTA,recombination,#dda0dd,dna
AttP1,AAATAATGATTTTATTTTGACTGATAGTGACCTGTTCGTTGCAACAATTGATAGCAATGCTTTTTATAATGCCATTTGTACAAAAAAGGAACGAGAAACGTAAAATGATATAAATATCAATATATTAAATTAGATTTTGCATAAAAAACAGACTACATAATACTGTAAAACACAACATATCAGTCACTATGAATCAACTACTTAGATGGTATTAGTGACCTGTA,recombination,#dda0dd,dna
attL5,AAATAATGATTTTATTTTGACTGATAGTGACCTGTTCGTTGCAACAATTGATAGCAATGCTTTTTATAATGCCATTTGTATACAAAAGG,recombination,#dda0dd,dna
attL4,AAATAATGATTTTATTTTGACTGATAGTGACCTGTTCGTTGCAACAATTGATAGCAATGCTTTTTATAATGCCATTTGTATAGAAAAGG,recombination,#dda0dd,dna
attL3,AAATAATGATTTTATTTTGACTGATAGTGACCTGTTCGTTGCAACAATTGATAGCAATGCTTTTTATAATGCCATTGTATAATAAAGG,recombination,#dda0dd,dna
AttL2,AAATAATGATTTTATTTTGACTGATAGTGACCTGTTCGTTGCAACAATTGATAGCAATGCTTTTTATAATGCCATTTGTACAAGAAAGG,recombination,#dda0dd,dna
AttL1,AAATAATGATTTTATTTTGACTGATAGTGACCTGTTCGTTGCAACAATTGATAGCAATGCTTTTTATAATGCCATTTGTACAAAAAAGG,recombination,#dda0dd,dna
attR5,CATTTGTATACAAAAGGAACGAGAAACGTAAAATGATATAAATATCAATATATTAAATTAGATTTTGCATAAAAAACAGACTACATAATACTGTAAAACACAACATATCAGTCACTATGAATCAACTACTTAGATGGTATTAGTGACCTGTA,recombination,#dda0dd,dna
attR4,CATTTGTATAGAAAAGGAACGAGAAACGTAAAATGATATAAATATCAATATATTAAATTAGATTTTGCATAAAAAACAGACTACATAATACTGTAAAACACAACATATCAGTCACTATGAATCAACTACTTAGATGGTATTAGTGACCTGTA,recombination,#dda0dd,dna
attR3,CATTGTATAATAAAGGAACGAGAAACGTAAAATGATATAAATATCAATATATTAAATTAGATTTTGCATAAAAAACAGACTACATAATACTGTAAAACACAACATATCAGTCACTATGAATCAACTACTTAGATGGTATTAGTGACCTGTA,recombination,#dda0dd,dna
AttR2,CATTTGTACAAGAAAGGAACGAGAAACGTAAAATGATATAAATATCAATATATTAAATTAGATTTTGCATAAAAAACAGACTACATAATACTGTAAAACACAACATATCAGTCACTATGAATCAACTACTTAGATGGTATTAGTGACCTGTA,recombination,#dda0dd,dna
AttR1,CATTTGTACAAAAAAGGAACGAGAAACGTAAAATGATATAAATATCAATATATTAAATTAGATTTTGCATAAAAAACAGACTACATAATACTGTAAAACACAACATATCAGTCACTATGAATCAACTACTTAGATGGTATTAGTGACCTGTA,recombination,#dda0dd,dna
